疫情序号,时间,省份,显示地点,累计感染（人）,累计出院（人）,在治重症（人）,累计死亡（人）,
1,2019/12/31,湖北,武汉,27,2,7,0,
4,2020/1/11,湖北,武汉,41,6,7,1,
5,2020/1/14,湖北,武汉,41,7,6,1,
6,2020/1/15,湖北,武汉,41,12,5,2,
7,2020/1/16,湖北,武汉,45,15,5,2,
8,2020/1/17,湖北,武汉,62,19,8,2,
9,2020/1/18,湖北,武汉,121,24,,3,
10,2020/1/19,湖北,武汉,198,25,44,4,
11,2020/1/19,广东,深圳,1,,,,
12,2020/1/20,北京,北京,5,,,,
13,2020/1/20,广东,深圳,9,,,,
14,2020/1/20,广东,珠海,3,,,,
15,2020/1/20,广东,惠州,1,,,,
16,2020/1/20,广东,湛江,1,,,,
17,2020/1/20,上海,上海,1,,,,
18,2020/1/21,上海,上海,6,,,,
19,2020/1/21,湖北,武汉,258,25,44,6,
20,2020/1/21,湖北,黄冈,12,,,,
21,2020/1/21,浙江,杭州,1,,,,
22,2020/1/21,浙江,温州,2,,,,
23,2020/1/21,浙江,舟山,1,,,,
24,2020/1/21,浙江,台州,1,,,,
25,2020/1/21,天津,天津,2,,,,
26,2020/1/21,台湾,台湾,1,,,,
27,2020/1/21,河南,郑州,1,,,,
28,2020/1/21,重庆,重庆,5,,,,
29,2020/1/21,山东,青岛,1,,,,
30,2020/1/21,四川,成都,1,,,,
31,2020/1/21,广东,深圳,10,,,,
32,2020/1/21,广东,珠海,4,,,,
33,2020/1/21,广东,湛江,2,,,,
34,2020/1/21,北京,北京,10,,,,
35,2020/1/21,湖南,长沙,1,,,,
36,2020/1/21,江西,抚州,1,,,,
37,2020/1/21,江西,萍乡,1,,,,
38,2020/1/21,四川,广安,1,,,,
39,2020/1/21,云南,昆明,1,,,,
40,2020/1/22,上海,上海,9,,,,
41,2020/1/22,澳门,澳门,1,,,,
42,2020/1/22,广东,广州,2,,,,
43,2020/1/22,广东,深圳,14,,,,
44,2020/1/22,广东,珠海,4,,,,
45,2020/1/22,广东,佛山,1,,,,
46,2020/1/22,广东,韶关,2,,,,
47,2020/1/22,广东,湛江,2,,,,
48,2020/1/22,浙江,温州,4,,,,
49,2020/1/22,浙江,宁波,3,,,,
50,2020/1/22,天津,天津,4,,,,
51,2020/1/22,海南,三亚,1,,,,
52,2020/1/22,海南,海口,1,,,,
53,2020/1/22,海南,万宁,1,,,,
54,2020/1/22,海南,临高,1,,,,
55,2020/1/22,辽宁,大连,1,,,,
56,2020/1/22,辽宁,抚顺,1,,,,
57,2020/1/22,安徽,合肥,1,,,,
58,2020/1/22,福建,福州市,1,,,,
59,2020/1/22,贵州,贵阳,1,,,,
60,2020/1/22,山东,威海,1,,,,
61,2020/1/22,山西,太原,1,,,,
62,2020/1/22,重庆,重庆,6,,,,
63,2020/1/22,四川,成都,2,,,,
64,2020/1/22,四川,绵阳,2,,,,
65,2020/1/22,河南,三门峡,1,,,,
66,2020/1/22,河南,洛阳,1,,,,
67,2020/1/22,河南,郑州,2,,,,
68,2020/1/22,河南,巩义,1,,,,
69,2020/1/22,广西,北海,1,,,,
70,2020/1/22,广西,梧州,1,,,,
71,2020/1/22,宁夏,银川,1,,,,
72,2020/1/22,湖南,怀化,3,,,,
73,2020/1/22,湖北,其他,174,,,11,
74,2020/1/22,河北,石家庄,1,,,,
75,2020/1/23,黑龙江,牡丹江,1,,,,
76,2020/1/23,山东,青岛,3,,,,
77,2020/1/23,山东,临沂,2,,,,
78,2020/1/23,江苏,南京,2,,,,
79,2020/1/23,江苏,苏州,1,,,,
80,2020/1/23,江苏,扬州,1,,,,
81,2020/1/23,江苏,连云港,1,,,,
82,2020/1/22,北京,北京,14,,,,
83,2020/1/23,上海,上海,16,,,,
84,2020/1/23,四川,成都,4,,,,
85,2020/1/23,四川,达州,1,,,,
86,2020/1/23,广西,北海,3,,,,
87,2020/1/23,广西,柳州,1,,,,
88,2020/1/23,澳门,澳门,2,,,,
89,2020/1/23,香港,香港,1,,,,
90,2020/1/23,福建,厦门,1,,,,
91,2020/1/23,福建,泉州,1,,,,
92,2020/1/23,福建,宁德,1,,,,
93,2020/1/23,吉林,长春,1,,,,
94,2020/1/23,湖南,长沙,4,,,,
95,2020/1/23,湖南,永州,1,,,,
96,2020/1/23,湖南,郴州,1,,,,
97,2020/1/23,广东,广州,5,,,,
98,2020/1/23,广东,深圳,15,,,,
99,2020/1/23,广东,中山,1,,,,
100,2020/1/23,广东,肇庆,1,,,,
101,2020/1/23,江西,南昌,1,,,,
102,2020/1/23,贵州,铜仁,1,,,,
103,2020/1/23,贵州,黔南,1,,,,
104,2020/1/23,辽宁,沈阳,1,,,,
105,2020/1/23,浙江,杭州,6,,,,
106,2020/1/23,浙江,宁波,5,,,,
107,2020/1/23,浙江,温州,6,,,,
108,2020/1/23,浙江,绍兴,1,,,,
109,2020/1/23,浙江,舟山,1,,,,
110,2020/1/23,浙江,金华,1,,,,
111,2020/1/23,浙江,衢州,1,,,,
112,2020/1/23,浙江,台州,6,,,,
113,2020/1/23,重庆,重庆,9,,,,
114,2020/1/23,安徽,合肥,5,,,,
115,2020/1/23,安徽,六安,1,,,,
116,2020/1/23,安徽,滁州,1,,,,
117,2020/1/23,安徽,阜阳,1,,,,
118,2020/1/23,安徽,毫州,1,,,,
119,2020/1/23,黑龙江,哈尔滨,1,,,,
120,2020/1/23,福建,福州,2,,,,
121,2020/1/23,海南,三亚,2,,,,
122,2020/1/23,新疆,新疆,2,,,,
123,2020/1/23,甘肃,兰州,1,,,,
124,2020/1/23,甘肃,白银,1,,,,
125,2020/1/23,北京,北京,22,,,,
126,2020/1/23,陕西,咸阳,1,,,,
127,2020/1/23,陕西,西安,2,,,,
128,2020/1/23,香港,香港,2,,,,
129,2020/1/24,河北,沧州,1,,,1,
130,2020/1/24,上海,上海,20,,2,,
132,2020/1/24,广西,柳州,2,,,,
133,2020/1/24,广西,桂林,2,,,,
134,2020/1/24,广西,梧州,1,,,,
135,2020/1/24,广西,北海,6,,,,
136,2020/1/24,广西,百色,1,,,,
137,2020/1/24,广西,河池,1,,,,
138,2020/1/24,黑龙江,大庆,1,,,,
139,2020/1/24,黑龙江,绥化,1,,,1,
140,2020/1/24,湖北,武汉,495,28,,12,
141,2020/1/24,湖北,孝感,22,,,,
142,2020/1/24,湖北,黄冈,12,,,,
143,2020/1/24,湖北,荆州,8,,,,
144,2020/1/24,湖北,荆门,8,,,,
145,2020/1/24,湖北,仙桃,2,,,,
146,2020/1/24,湖北,宜昌,1,,,1,
147,2020/1/24,湖北,十堰,1,,,,
148,2020/1/24,浙江,嘉兴,3,,1,,
149,2020/1/24,浙江,衢州,2,,,,
150,2020/1/24,浙江,台州,18,,3,,
151,2020/1/24,浙江,温州,6,1,,,
152,2020/1/24,重庆,重庆,27,,6,,
153,2020/1/24,四川,成都,7,,,,
154,2020/1/24,四川,广安,2,,,,
155,2020/1/24,四川,德阳,1,,,,
156,2020/1/24,四川,遂宁,1,,,,
157,2020/1/24,四川,雅安,1,,,,
158,2020/1/24,安徽,合肥,5,,,,
159,2020/1/24,安徽,六安,1,,,,
160,2020/1/24,安徽,滁州,1,,,,
161,2020/1/24,安徽,阜阳,1,,,,
162,2020/1/24,安徽,亳州,1,,,,
163,2020/1/24,江苏,南京,3,,,,
164,2020/1/24,江苏,无锡,1,,,,
165,2020/1/24,江苏,苏州,2,,,,
166,2020/1/24,江苏,南通,1,,,,
167,2020/1/24,海南,海口,3,,,,
168,2020/1/24,海南,三亚,2,,,,
169,2020/1/24,海南,万宁,2,,,,
170,2020/1/24,吉林,长春,1,,,,
171,2020/1/24,吉林,吉林,1,,,,
172,2020/1/24,吉林,松原,1,,,,
173,2020/1/24,广东,深圳,15,2,10,,
174,2020/1/24,广东,阳江,3,,,,
175,2020/1/24,广东,清远,1,,,,
176,2020/1/24,广东,广州,7,,,,
177,2020/1/24,广东,珠海,8,,2,,
178,2020/1/24,广东,佛山,6,,1,,
179,2020/1/24,广东,韶关,3,,1,,
180,2020/1/24,广东,惠州,5,,1,,
181,2020/1/24,广东,中山,2,,,,
182,2020/1/24,内蒙古,满洲里市,1,,,,
183,2020/1/24,北京,北京,36,1,,,
183,2020/1/24,台湾,台湾,3,,,,
184,2020/1/24,天津,天津,8,,,,
185,2020/1/24,陕西,安康,1,,,,
186,2020/1/24,陕西,延安,1,,,,
187,2020/1/24,贵州,铜仁,1,,,,
188,2020/1/25,湖北,武汉,572,32,,38,
189,2020/1/25,湖北,孝感,26,,,,
190,2020/1/25,湖北,黄冈,64,,,,
191,2020/1/25,湖北,荆州,10,,,,
192,2020/1/25,湖北,荆门,21,,,,
193,2020/1/25,湖北,仙桃,10,,,,
194,2020/1/25,湖北,宜昌,1,,,1,
195,2020/1/25,湖北,十堰,5,,,,
196,2020/1/25,湖北,恩施,11,,,,
197,2020/1/25,湖北,随州,5,,,,
198,2020/1/25,湖北,天门,3,,,,
199,2020/1/25,湖北,鄂州,1,,,,
199,2020/1/25,广西,鄂州,1,,,,
200,2020/1/25,广西,柳州,3,,,,
201,2020/1/25,广西,桂林,6,,,,
202,2020/1/25,广西,梧州,1,,,,
203,2020/1/25,广西,北海,6,,,,
204,2020/1/25,广西,百色,1,,,,
205,2020/1/25,广西,河池,3,,,,
206,2020/1/25,广西,防城港,2,,,,
207,2020/1/25,广西,玉林,1,,,,
208,2020/1/25,江西,抚州,4,,,,
209,2020/1/25,江西,南昌,3,,,,
210,2020/1/25,江西,九江,2,,,,
211,2020/1/25,江西,赣州,2,,,,
212,2020/1/25,江西,上饶,2,,,,
213,2020/1/25,江西,萍乡,1,,,,
214,2020/1/25,江西,新余,1,,,,
215,2020/1/25,江西,吉安,1,,,,
216,2020/1/25,江西,景德镇,1,,,,
217,2020/1/25,江西,宜春,1,,,,
218,2020/1/25,辽宁,沈阳,3,,,,
219,2020/1/25,辽宁,大连,2,,,,
220,2020/1/25,辽宁,朝阳,2,,,,
221,2020/1/25,辽宁,铁岭,2,,,,
222,2020/1/25,辽宁,葫芦岛,2,,,,
223,2020/1/25,辽宁,本溪,1,,,,
224,2020/1/25,山西,太原,2,,,,
225,2020/1/25,山西,运城,2,,,,
226,2020/1/25,山西,大同,1,,,,
227,2020/1/25,山西,长治,1,,,,
228,2020/1/25,云南,昆明,3,,,,
229,2020/1/25,云南,西双版纳,1,,,,
230,2020/1/25,云南,丽江,1,,,,
231,2020/1/25,贵州,铜仁,2,,,,
232,2020/1/25,贵州,贵阳,1,,,,
233,2020/1/25,贵州,黔南,1,,,,
234,2020/1/25,吉林,长春,1,,,,
235,2020/1/25,吉林,吉林,2,,,,
236,2020/1/25,吉林,松原,1,,,,
237,2020/1/25,宁夏,银川,1,,,,
238,2020/1/25,宁夏,中卫,1,,,,
239,2020/1/25,宁夏,固原,1,,,,
240,2020/1/25,新疆,乌鲁木齐,3,,,,
241,2020/1/25,广东,深圳,20,2,10,,
242,2020/1/25,广东,阳江,5,,1,,
243,2020/1/25,广东,清远,2,,,,
244,2020/1/25,广东,广州,14,,4,,
245,2020/1/25,广东,珠海,10,,2,,
246,2020/1/25,广东,佛山,9,,1,,
247,2020/1/25,广东,惠州,7,,1,,
248,2020/1/25,广东,汕头,1,,,,
249,2020/1/25,广东,东莞,1,,,,
250,2020/1/25,广东,湛江,2,,,,
251,2020/1/25,广东,肇庆,2,,1,,
252,2020/1/25,浙江,嘉兴,4,,1,,
253,2020/1/25,浙江,衢州,2,,,,
254,2020/1/25,浙江,台州,20,,4,,
255,2020/1/25,浙江,温州,10,,1,,
256,2020/1/25,浙江,杭州,12,,1,,
257,2020/1/25,浙江,宁波,6,,,,
258,2020/1/25,浙江,舟山,2,,,,
259,2020/1/25,浙江,绍兴,4,,,,
260,2020/1/25,浙江,金华,2,,,,
261,2020/1/25,海南,海口,3,,,,
262,2020/1/25,海南,三亚,5,,,,
263,2020/1/25,海南,万宁,5,,,,
264,2020/1/25,海南,儋州,3,,,,
265,2020/1/25,海南,临高县,1,,,,
266,2020/1/25,安徽,合肥,10,,,,
267,2020/1/25,安徽,六安,2,,,,
268,2020/1/25,安徽,滁州,2,,,,
269,2020/1/25,安徽,阜阳,7,,,,
270,2020/1/25,安徽,亳州,4,,,,
271,2020/1/25,安徽,铜陵,3,,,,
272,2020/1/25,安徽,马鞍山,4,,,,
273,2020/1/25,安徽,亳州,4,,,,
274,2020/1/25,安徽,安庆,4,,,,
275,2020/1/25,安徽,池州,1,,,,
276,2020/1/25,安徽,芜湖,1,,,,
277,2020/1/25,四川,成都,16,,,,
278,2020/1/25,四川,广安,2,,,,
279,2020/1/25,四川,德阳,1,,,,
280,2020/1/25,四川,遂宁,2,,,,
281,2020/1/25,四川,雅安,1,,,,
282,2020/1/25,四川,绵阳,2,,,,
283,2020/1/25,四川,自贡,1,,,,
284,2020/1/25,四川,泸州,1,,,,
285,2020/1/25,四川,内江,1,,,,
286,2020/1/25,四川,达州,1,,,,
287,2020/1/25,江苏,南京,4,,,,
288,2020/1/25,江苏,无锡,1,,,,
289,2020/1/25,江苏,苏州,3,1,,,
290,2020/1/25,江苏,南通,1,,,,
291,2020/1/25,江苏,常州,5,,,,
292,2020/1/25,江苏,连云港,1,,,,
293,2020/1/25,江苏,盐城,1,,,,
294,2020/1/25,江苏,扬州,1,,,,
295,2020/1/25,江苏,宿迁,1,,,,
296,2020/1/25,重庆,重庆,57,,9,,
297,2020/1/25,上海,上海,33,1,2,,
298,2020/1/24,湖南,长沙,8,,5,,
299,2020/1/25,湖南,衡阳,3,,1,,
300,2020/1/25,湖南,株洲,1,,1,,
301,2020/1/25,湖南,湘潭,2,,1,,
302,2020/1/25,湖南,邵阳,2,,,,
303,2020/1/25,湖南,岳阳,5,,1,,
304,2020/1/25,湖南,常德,3,,,,
305,2020/1/25,湖南,益阳,4,,,,
306,2020/1/25,湖南,郴州,1,,,,
307,2020/1/25,湖南,永州,4,,4,,
308,2020/1/25,湖南,怀化,5,,1,,
309,2020/1/25,湖南,娄底,5,,,,
310,2020/1/25,河南,郑州,6,,,,
311,2020/1/25,河南,洛阳,1,,,,
312,2020/1/25,河南,平顶山,1,,,,
313,2020/1/25,河南,新乡,1,,,,
314,2020/1/25,河南,三门峡,1,,,,
315,2020/1/25,河南,南阳,8,,,,
316,2020/1/25,河南,信阳,5,,,,
317,2020/1/25,河南,驻马店,2,,,,
318,2020/1/25,河南,周口,4,,,,
319,2020/1/25,河南,巩义,2,,,,
320,2020/1/25,黑龙江,哈尔滨,6,,,,
321,2020/1/25,黑龙江,牡丹江,1,,,,
322,2020/1/25,黑龙江,大庆,1,,,,
323,2020/1/25,黑龙江,绥化,1,,,1,
324,2020/1/25,青海,西宁,1,,,,
325,2020/1/25,山东,济南,3,,,,
326,2020/1/25,山东,青岛,6,,,,
327,2020/1/25,山东,烟台,2,,,,
328,2020/1/25,山东,潍坊,1,,,,
329,2020/1/25,山东,济宁,2,,,,
330,2020/1/25,山东,威海,3,,,,
331,2020/1/25,山东,日照,3,,,,
332,2020/1/25,山东,临沂,3,,,,
333,2020/1/25,山东,德州,1,,,,
334,2020/1/25,山东,聊城,1,,,,
335,2020/1/25,山东,滨州,1,,,,
336,2020/1/25,山东,菏泽,1,,,,
337,2020/1/25,辽宁,大连,3,,,,
338,2020/1/25,福建,福州,6,,,,
339,2020/1/25,福建,厦门,3,,,,
340,2020/1/25,福建,漳州,3,,,,
341,2020/1/25,福建,三明,1,,,,
342,2020/1/25,福建,泉州,3,,,,
343,2020/1/25,福建,宁德,2,,,,
344,2020/1/25,天津,天津,10,,,,
345,2020/1/25,云南,昆明,4,,,,
346,2020/1/25,云南,丽江,2,,,,
347,2020/1/25,云南,西双版纳,1,,,,
348,2020/1/25,云南,曲靖,1,,,,
349,2020/1/25,云南,玉溪,1,,,,
350,2020/1/25,云南,红河,1,,,,
351,2020/1/25,云南,大理,1,,,,
352,2020/1/25,陕西,西安,5,,,,
353,2020/1/25,陕西,安康,3,,,,
354,2020/1/25,陕西,铜川,3,,,,
355,2020/1/25,陕西,咸阳,2,,,,
356,2020/1/25,陕西,延安,1,,,,
357,2020/1/25,陕西,商洛,1,,,,
358,2020/1/25,内蒙古,锡林郭勒盟,1,,,,
359,2020/1/25,内蒙古,满洲里,1,,,,
360,2020/1/25,北京,北京,41,3,,,
361,2020/1/25,湖北,武汉,618,40,,45,
362,2020/1/26,湖北,黄石,31,,,1,
363,2020/1/26,湖北,十堰,20,,,,
364,2020/1/26,湖北,襄阳,2,,,,
365,2020/1/26,湖北,宜昌,20,,,1,
366,2020/1/26,湖北,荆州,33,,,2,
367,2020/1/26,湖北,荆门,38,,,1,
368,2020/1/26,湖北,孝感,55,,,,
369,2020/1/26,湖北,黄冈,122,2,,2,
370,2020/1/26,湖北,咸宁,43,,,,
371,2020/1/26,湖北,随州,36,,,,
372,2020/1/26,湖北,恩施,17,,,,
373,2020/1/26,湖北,仙桃,11,,,,
374,2020/1/26,湖北,天门,5,,,,
375,2020/1/26,广东,深圳,27,,12,,
376,2020/1/26,广东,汕头,2,,,,
377,2020/1/26,广东,佛山,10,,,,
378,2020/1/26,广东,惠州,8,,,,
379,2020/1/26,广东,东莞,2,,,,
380,2020/1/26,广东,阳江,6,,1,,
381,2020/1/26,广东,湛江,4,,1,,
382,2020/1/26,广东,肇庆,4,,1,,
383,2020/1/26,广东,清远,3,,,,
384,2020/1/26,广东,揭阳,3,,,,
385,2020/1/26,广东,广州,14,,5,,
386,2020/1/26,浙江,杭州,27,,1,,
387,2020/1/26,浙江,宁波,13,,1,,
388,2020/1/26,浙江,温州,18,,4,,
389,2020/1/26,浙江,湖州,1,,,,
390,2020/1/26,浙江,嘉兴,8,,2,,
391,2020/1/26,浙江,绍兴,5,,2,,
392,2020/1/26,浙江,舟山,2,,,,
393,2020/1/26,浙江,金华,3,,,,
394,2020/1/26,浙江,衢州,3,,,,
395,2020/1/26,浙江,台州,21,,4,,
396,2020/1/26,浙江,丽水,3,,,,
397,2020/1/26,重庆,重庆,75,,2,,
398,2020/1/26,湖南,长沙,18,,7,,
399,2020/1/26,湖南,衡阳,3,,1,,
400,2020/1/26,湖南,株洲,3,,1,,
401,2020/1/26,湖南,湘潭,3,,1,,
402,2020/1/26,湖南,邵阳,2,,1,,
403,2020/1/26,湖南,岳阳,6,,1,,
404,2020/1/26,湖南,常德,7,,1,,
405,2020/1/26,湖南,益阳,4,,1,,
406,2020/1/26,湖南,郴州,3,,,,
407,2020/1/26,湖南,永州,4,,4,,
408,2020/1/26,湖南,怀化,8,,2,,
409,2020/1/26,湖南,湘西自治州,3,,,,
410,2020/1/26,北京,北京,51,2,1,,
411,2020/1/26,安徽,合肥,13,,,,
412,2020/1/26,安徽,阜阳,10,,,,
413,2020/1/26,安徽,马鞍山,7,,,,
414,2020/1/26,安徽,亳州,6,,,,
415,2020/1/26,安徽,安庆,5,,,,
416,2020/1/26,安徽,芜湖,3,,,,
417,2020/1/26,安徽,六安,3,,,,
418,2020/1/26,安徽,铜陵,3,,,,
419,2020/1/26,安徽,宿州,2,,,,
420,2020/1/26,安徽,滁州,2,,,,
421,2020/1/26,安徽,宣城,1,,,,
422,2020/1/26,安徽,淮北,1,,,,
423,2020/1/26,安徽,淮南,1,,,,
424,2020/1/26,安徽,池州,1,,,,
425,2020/1/26,安徽,蚌埠,1,,,,
426,2020/1/26,安徽,黄山,1,,,,
427,2020/1/26,上海,上海,40,1,1,1,
428,2020/1/26,河南,郑州,20,,,,
429,2020/1/26,河南,洛阳,1,,,,
430,2020/1/26,河南,平顶山,2,,,,
431,2020/1/26,河南,安阳,3,,,,
432,2020/1/26,河南,新乡,3,,,,
433,2020/1/26,河南,漯河,3,,,,
434,2020/1/26,河南,三门峡,2,,,,
435,2020/1/26,河南,南阳,15,,,1,
436,2020/1/26,河南,信阳,22,,,,
437,2020/1/26,河南,驻马店,7,,,,
438,2020/1/26,河南,周口,5,,,,
439,2020/1/26,四川,成都,22,,,,
440,2020/1/26,四川,绵阳,5,,,,
441,2020/1/26,四川,泸州,2,,,,
442,2020/1/26,四川,遂宁,2,,,,
443,2020/1/26,四川,南充,2,,,,
444,2020/1/26,四川,广安,2,,,,
445,2020/1/26,四川,甘孜,2,,,,
446,2020/1/26,四川,自贡,1,,,,
447,2020/1/26,四川,德阳,1,,,,
448,2020/1/26,四川,内江,1,,,,
449,2020/1/26,四川,乐山,1,,,,
450,2020/1/26,四川,达州,1,,,,
451,2020/1/26,四川,雅安,1,,,,
452,2020/1/26,四川,眉山,1,,,,
453,2020/1/26,山东,淄博,1,,,,
454,2020/1/26,山东,潍坊,2,,,,
455,2020/1/26,山东,济宁,4,,,,
456,2020/1/26,山东,威海,3,,,,
457,2020/1/26,山东,日照,4,,,,
458,2020/1/26,山东,临沂,7,,,,
459,2020/1/26,山东,德州,3,,,,
460,2020/1/26,广西,南宁,1,,,,
461,2020/1/26,广西,柳州,4,,,,
462,2020/1/26,广西,桂林,11,,,,
463,2020/1/26,广西,梧州,2,,,,
464,2020/1/26,广西,北海,7,,,,
465,2020/1/26,广西,百色,2,,,,
466,2020/1/26,江苏,南京,7,,,,
467,2020/1/26,江苏,无锡,2,,,,
468,2020/1/26,江苏,常州,5,,,,
469,2020/1/26,江苏,苏州,7,1,,,
470,2020/1/26,江苏,南通,2,,,,
471,2020/1/26,江苏,连云港,3,,,,
472,2020/1/26,江苏,淮安,1,,,,
473,2020/1/26,江苏,盐城,1,,,,
474,2020/1/26,江苏,扬州,1,,,,
475,2020/1/26,江苏,泰州,1,,,,
476,2020/1/26,江苏,宿迁,1,,,,
477,2020/1/26,江西,赣州,7,,,,
478,2020/1/26,江西,上饶,6,,,,
479,2020/1/26,江西,抚州,6,,,,
480,2020/1/26,江西,宜春,5,,,,
481,2020/1/26,江西,南昌,4,,,,
482,2020/1/26,江西,九江,2,,,,
483,2020/1/26,江西,萍乡,2,,,,
484,2020/1/26,江西,吉安,2,,,,
485,2020/1/26,江西,景德镇,1,,,,
486,2020/1/26,江西,新余,1,,,,
487,2020/1/26,福建,福州,9,,,,
488,2020/1/26,福建,厦门,3,,,,
489,2020/1/26,福建,漳州,1,,,,
490,2020/1/26,福建,泉州,1,,,,
491,2020/1/26,福建,三明,4,,,,
492,2020/1/26,福建,宁化,1,,,,
493,2020/1/26,福建,永安,2,,,,
494,2020/1/26,福建,宁德,2,,,,
495,2020/1/26,海南,海口,3,,,,
496,2020/1/26,海南,三亚,8,,,,
497,2020/1/26,海南,万宁,5,,,,
498,2020/1/26,海南,儋州,3,,,,
499,2020/1/26,海南,临高县,1,,,,
500,2020/1/26,海南,陵水县,1,,,,
501,2020/1/26,辽宁,沈阳,5,,,,
502,2020/1/26,辽宁,大连,4,,,,
503,2020/1/26,辽宁,朝阳,2,,,,
504,2020/1/26,辽宁,铁岭,2,,,,
505,2020/1/26,辽宁,葫芦岛,2,,,,
506,2020/1/26,辽宁,本溪,1,,,,
507,2020/1/26,辽宁,营口,1,,,,
508,2020/1/26,辽宁,丹东,1,,,,
509,2020/1/26,辽宁,盘锦,1,,,,
510,2020/1/26,天津,天津,13,,,,
511,2020/1/26,黑龙江,哈尔滨,8,,,,
512,2020/1/26,黑龙江,牡丹江,1,,,,
513,2020/1/26,黑龙江,大庆,3,,,,
514,2020/1/26,黑龙江,绥化,2,,,1,
515,2020/1/26,黑龙江,齐齐哈尔,1,,,,
516,2020/1/26,河北,石家庄,5,,,,
517,2020/1/26,河北,保定,3,,,,
518,2020/1/26,河北,沧州,2,,,1,
519,2020/1/26,河北,邯郸,2,,,,
520,2020/1/26,河北,承德,1,,,,
521,2020/1/26,山西,太原,2,,,,
522,2020/1/26,山西,运城,2,,,,
523,2020/1/26,山西,晋中,2,,,,
524,2020/1/26,山西,阳泉,1,,,,
525,2020/1/26,山西,大同,1,,,,
526,2020/1/26,山西,长治,1,,,,
527,2020/1/26,香港,香港,5,,,,
528,2020/1/26,新疆,乌鲁木齐,3,,,,
529,2020/1/26,新疆,伊犁,1,,,,
530,2020/1/26,贵州,铜仁,2,,,,
531,2020/1/26,贵州,贵阳,1,,,,
532,2020/1/26,贵州,黔南,1,,,,
533,2020/1/26,贵州,黔西南,1,,,,
534,2020/1/26,内蒙古,呼伦贝尔,2,,,,
535,2020/1/26,内蒙古,赤峰,1,,,,
536,2020/1/26,内蒙古,锡林郭勒盟,2,,,,
537,2020/1/26,内蒙古,鄂尔多斯,2,,,,
538,2020/1/26,甘肃,兰州,1,,,,
539,2020/1/26,甘肃,白银,1,,,,
540,2020/1/26,甘肃,临夏,1,,,,
541,2020/1/26,甘肃,定西,1,,,,
542,2020/1/26,澳门,澳门,5,,,,
543,2020/1/26,海南,澄迈,1,,,,
544,2020/1/26,宁夏,银川,2,,,,
545,2020/1/26,宁夏,中卫,1,,,,
546,2020/1/26,宁夏,固原,1,,,,
547,2020/1/26,广东,深圳,31,,,,
548,2020/1/26,广东,汕头,2,,,,
549,2020/1/26,广东,佛山,10,,,,
550,2020/1/26,广东,惠州,8,,,,
551,2020/1/26,广东,东莞,2,,,,
552,2020/1/26,广东,阳江,8,,,,
553,2020/1/26,广东,湛江,4,,,,
554,2020/1/26,广东,肇庆,4,,,,
555,2020/1/26,广东,清远,3,,,,
556,2020/1/26,广东,揭阳,3,,,,
557,2020/1/26,广东,广州,17,,,,
558,2020/1/26,广东,珠海,12,,,,
559,2020/1/26,广东,韶关,4,,,,
560,2020/1/26,广东,梅州,1,,,,
561,2020/1/26,广东,中山,2,,,,
562,2020/1/26,北京,北京,63,,,,
563,2020/1/26,山东,济南,5,,,,
564,2020/1/26,山东,青岛,8,,,,
565,2020/1/26,山东,烟台,2,,,,
566,2020/1/26,山东,潍坊,2,,,,
567,2020/1/26,山东,济宁,5,,,,
568,2020/1/26,山东,威海,4,,,,
569,2020/1/26,山东,日照,4,,,,
570,2020/1/26,山东,临沂,7,,,,
571,2020/1/26,山东,德州,3,,,,
572,2020/1/26,山东,聊城,1,,,,
573,2020/1/26,山东,滨州,3,,,,
574,2020/1/26,山东,菏泽,1,,,,
575,2020/1/26,山东,淄博,1,,,,
576,2020/1/26,广西,南宁,1,,,,
577,2020/1/26,广西,柳州,5,,,,
578,2020/1/26,广西,桂林,11,,,,
579,2020/1/26,广西,梧州,2,,,,
580,2020/1/26,广西,北海,9,,,,
581,2020/1/26,广西,百色,2,,,,
582,2020/1/26,广西,防城港,2,,,,
583,2020/1/26,广西,玉林,1,,,,
584,2020/1/26,广西,河池,3,,,,
585,2020/1/26,福建,福州,13,,,,
586,2020/1/26,福建,厦门,4,,,,
587,2020/1/26,福建,漳州,4,,,,
588,2020/1/26,福建,泉州,5,,,,
589,2020/1/26,福建,三明,4,,,,
590,2020/1/26,福建,宁德,3,,,,
591,2020/1/26,福建,莆田,1,,,,
592,2020/1/26,福建,南平,1,,,,
593,2020/1/26,陕西,西安,8,,,,
594,2020/1/26,陕西,安康,3,,,,
595,2020/1/26,陕西,铜川,5,,,,
596,2020/1/26,陕西,咸阳,3,,,,
597,2020/1/26,陕西,延安,1,,,,
598,2020/1/26,陕西,商洛,1,,,,
599,2020/1/26,陕西,汉中,1,,,,
600,2020/1/26,辽宁,沈阳,6,,,,
601,2020/1/26,辽宁,大连,4,,,,
602,2020/1/26,辽宁,朝阳,2,,,,
603,2020/1/26,辽宁,铁岭,2,,,,
604,2020/1/26,辽宁,葫芦岛,2,,,,
605,2020/1/26,辽宁,本溪,2,,,,
606,2020/1/26,辽宁,营口,1,,,,
607,2020/1/26,辽宁,丹东,1,,,,
608,2020/1/26,辽宁,盘锦,1,,,,
609,2020/1/26,天津,天津,14,,,,
610,2020/1/26,香港,香港,6,,,,
611,2020/1/27,湖北,武汉,698,42,192,63,
612,2020/1/27,湖北,黄石,36,,,1,
613,2020/1/27,湖北,十堰,40,,4,,
614,2020/1/27,湖北,襄阳,36,,4,,
615,2020/1/27,湖北,宜昌,31,,2,1,
616,2020/1/27,湖北,荆州,47,,11,2,
617,2020/1/27,湖北,荆门,90,,31,3,
618,2020/1/27,湖北,鄂州,20,,1,,
619,2020/1/27,湖北,孝感,100,,12,1,
620,2020/1/27,湖北,黄冈,154,2,25,4,
621,2020/1/27,湖北,咸宁,64,,,,
622,2020/1/27,湖北,随州,52,,2,,
623,2020/1/27,湖北,恩施,25,,2,,
624,2020/1/27,湖北,仙桃,12,,2,,
625,2020/1/27,湖北,天门,13,,1,,
626,2020/1/27,湖北,潜江,5,,1,1,
627,2020/1/27,广东,广州,39,,,,
628,2020/1/27,广东,深圳,36,,,,
629,2020/1/27,广东,珠海,12,,,,
630,2020/1/27,广东,汕头,2,,,,
631,2020/1/27,广东,佛山,14,,,,
632,2020/1/27,广东,韶关,4,,,,
633,2020/1/27,广东,梅州,1,,,,
634,2020/1/27,广东,惠州,8,,,,
635,2020/1/27,广东,汕尾,1,,,,
636,2020/1/27,广东,东莞,2,,,,
637,2020/1/27,广东,中山,4,,,,
638,2020/1/27,广东,阳江,8,,,,
639,2020/1/27,广东,湛江,5,,,,
640,2020/1/27,广东,肇庆,4,,,,
641,2020/1/27,广东,清远,3,,,,
642,2020/1/27,广东,揭阳,3,,,,
643,2020/1/27,浙江,杭州,27,,2,,
644,2020/1/27,浙江,宁波,13,,1,,
645,2020/1/27,浙江,温州,32,,4,,
646,2020/1/27,浙江,湖州,3,,,,
647,2020/1/27,浙江,嘉兴,8,,3,,
648,2020/1/27,浙江,绍兴,6,,2,,
649,2020/1/27,浙江,舟山,4,,,,
650,2020/1/27,浙江,金华,5,,,,
651,2020/1/27,浙江,衢州,5,,1,,
652,2020/1/27,浙江,台州,22,,4,,
653,2020/1/27,浙江,丽水,3,,1,,
654,2020/1/27,河南,郑州,29,,,,
655,2020/1/27,河南,开封,1,,,,
656,2020/1/27,河南,洛阳,2,,,,
657,2020/1/27,河南,平顶山,5,,,,
658,2020/1/27,河南,安阳,7,,,,
659,2020/1/27,河南,鹤壁,2,,,,
660,2020/1/27,河南,新乡,4,,,,
661,2020/1/27,河南,许昌,1,,,,
662,2020/1/27,河南,漯河,6,,,,
663,2020/1/27,河南,三门峡,3,,,,
664,2020/1/27,河南,南阳,19,,,1,
665,2020/1/27,河南,商丘,6,,,,
666,2020/1/27,河南,信阳,23,,,,
667,2020/1/27,河南,驻马店,9,,,,
668,2020/1/27,河南,周口,11,,,,
669,2020/1/27,重庆,重庆,110,,14,,
670,2020/1/27,湖南,长沙,22,,7,,
671,2020/1/27,湖南,衡阳,4,,1,,
672,2020/1/27,湖南,株洲,5,,1,,
673,2020/1/27,湖南,湘潭,4,,1,,
674,2020/1/27,湖南,邵阳,8,,1,,
675,2020/1/27,湖南,岳阳,7,,1,,
676,2020/1/27,湖南,常德,12,,2,,
677,2020/1/27,湖南,益阳,7,,1,,
678,2020/1/27,湖南,郴州,6,,,,
679,2020/1/27,湖南,永州,4,,4,,
680,2020/1/27,湖南,娄底,7,,,,
681,2020/1/27,湖南,湘西自治区,3,,,,
682,2020/1/27,湖南,怀化,11,,3,,
683,2020/1/27,北京,北京,68,,,,
684,2020/1/27,安徽,合肥,13,,,,
685,2020/1/27,安徽,阜阳,10,,,,
686,2020/1/27,安徽,安庆,8,,,,
687,2020/1/27,安徽,马鞍山,7,,,,
688,2020/1/27,安徽,亳州,6,,,,
689,2020/1/27,安徽,芜湖,6,,,,
690,2020/1/27,安徽,六安,3,,,,
691,2020/1/27,安徽,铜陵,3,,,,
692,2020/1/27,安徽,宿州,3,,,,
693,2020/1/27,安徽,蚌埠,3,,,,
694,2020/1/27,安徽,滁州,2,,,,
695,2020/1/27,安徽,淮南,2,,,,
696,2020/1/27,安徽,宣城,1,,,,
697,2020/1/27,安徽,淮北,1,,,,
698,2020/1/27,安徽,池州,1,,,,
699,2020/1/27,安徽,黄山,1,,,,
700,2020/1/27,山东,济南,7,,,,
701,2020/1/27,山东,青岛,10,,,,
702,2020/1/27,山东,淄博,2,,,,
703,2020/1/27,山东,烟台,4,,,,
704,2020/1/27,山东,潍坊,3,,,,
705,2020/1/27,山东,济宁,5,,,,
706,2020/1/27,山东,威海,7,,,,
707,2020/1/27,山东,日照,5,,,,
708,2020/1/27,山东,临沂,7,,,,
709,2020/1/27,山东,德州,6,,,,
710,2020/1/27,山东,聊城,1,,,,
711,2020/1/27,山东,滨州,3,,,,
712,2020/1/27,山东,菏泽,3,,,,
713,2020/1/27,四川,成都,33,,,,
714,2020/1/27,四川,绵阳,7,,,,
715,2020/1/27,四川,广安,6,,,,
716,2020/1/27,四川,泸州,3,,,,
717,2020/1/27,四川,达州,3,,,,
718,2020/1/27,四川,自贡,2,,,,
719,2020/1/27,四川,遂宁,2,,,,
720,2020/1/27,四川,南充,2,,,,
721,2020/1/27,四川,资阳,2,,,,
722,2020/1/27,四川,甘孜,2,,,,
723,2020/1/27,四川,德阳,1,,,,
724,2020/1/27,四川,内江,1,,,,
725,2020/1/27,四川,乐山,1,,,,
726,2020/1/27,四川,宜宾,1,,,,
727,2020/1/27,四川,雅安,1,,,,
728,2020/1/27,四川,眉山,1,,,,
729,2020/1/27,四川,凉山州,1,,,,
730,2020/1/27,上海,上海,53,1,2,1,
731,2020/1/27,江西,南昌,8,,,,
732,2020/1/27,江西,赣州,7,,,,
733,2020/1/27,江西,抚州,7,,,,
734,2020/1/27,江西,上饶,6,,,,
735,2020/1/27,江西,宜春,6,,,,
736,2020/1/27,江西,九江,4,,,,
737,2020/1/27,江西,新余,3,,,,
738,2020/1/27,江西,吉安,3,,,,
739,2020/1/27,江西,萍乡,2,,,,
740,2020/1/27,江西,景德镇市,2,,,,
741,2020/1/27,广西,南宁,5,,,,
742,2020/1/27,广西,柳州,6,,,,
743,2020/1/27,广西,桂林,14,,,,
744,2020/1/27,广西,梧州,2,,,,
745,2020/1/27,广西,北海,9,,,,
746,2020/1/27,广西,防城港,3,,,,
747,2020/1/27,广西,玉林,2,,,,
748,2020/1/27,广西,百色,2,,,,
749,2020/1/27,广西,河池,3,,,,
750,2020/1/27,江苏,南京,7,,,,
751,2020/1/27,江苏,无锡,4,,,,
752,2020/1/27,江苏,徐州,3,,,,
753,2020/1/27,江苏,常州,6,,,,
754,2020/1/27,江苏,苏州,8,1,,,
755,2020/1/27,江苏,南通,4,,,,
756,2020/1/27,江苏,连云港,3,,,,
757,2020/1/27,江苏,淮安,2,,,,
758,2020/1/27,江苏,盐城,1,,,,
759,2020/1/27,江苏,扬州,4,,,,
760,2020/1/27,江苏,镇江,2,,1,,
761,2020/1/27,江苏,泰州,2,,,,
762,2020/1/27,江苏,宿迁,1,,,,
763,2020/1/27,辽宁,沈阳,7,,,,
764,2020/1/27,辽宁,大连,4,,,,
765,2020/1/27,辽宁,本溪,2,,,,
766,2020/1/27,辽宁,丹东,1,,,,
767,2020/1/27,辽宁,营口,1,,,,
768,2020/1/27,辽宁,铁岭,2,,,,
769,2020/1/27,辽宁,朝阳,2,,,,
770,2020/1/27,辽宁,盘锦,2,,,,
771,2020/1/27,辽宁,葫芦岛,2,,,,
772,2020/1/27,黑龙江,哈尔滨,8,,,,
773,2020/1/27,黑龙江,齐齐哈尔,1,,,,
774,2020/1/27,黑龙江,牡丹江,1,,,,
775,2020/1/27,黑龙江,佳木斯,1,,,,
776,2020/1/27,黑龙江,大庆,5,,,,
777,2020/1/27,黑龙江,双鸭山,1,,,,
778,2020/1/27,黑龙江,七台河,1,,,,
779,2020/1/27,黑龙江,绥化,3,,,1,
780,2020/1/27,天津,天津,14,,11,,
781,2020/1/27,河北,石家庄,7,,,,
782,2020/1/27,河北,保定,3,,,,
783,2020/1/27,河北,沧州,2,,,1,
784,2020/1/27,河北,邯郸,2,,,,
785,2020/1/27,河北,廊坊,2,,,,
786,2020/1/27,河北,承德,1,,,,
787,2020/1/27,河北,邢台,1,,,,
788,2020/1/27,云南,昆明,7,,,,
789,2020/1/27,云南,丽江,2,,,,
790,2020/1/27,云南,西双版纳,1,,,,
791,2020/1/27,云南,曲靖,1,,,,
792,2020/1/27,云南,玉溪,1,,,,
793,2020/1/27,云南,红河,1,,,,
794,2020/1/27,云南,大理,1,,,,
795,2020/1/27,云南,保山,2,,,,
796,2020/1/27,云南,昭通,1,,,,
797,2020/1/27,云南,德宏,2,,,,
798,2020/1/27,山西,太原,2,,,,
799,2020/1/27,山西,朔州,2,,,,
800,2020/1/27,山西,运城,2,,,,
801,2020/1/27,山西,晋中,2,,,,
802,2020/1/27,山西,大同,1,,,,
803,2020/1/27,山西,长治,1,,,,
804,2020/1/27,山西,阳泉,1,,,,
805,2020/1/27,山西,临汾,1,,,,
806,2020/1/27,山西,吕梁,1,,,,
807,2020/1/27,甘肃,兰州,8,,1,,
808,2020/1/27,甘肃,白银,1,,,,
809,2020/1/27,甘肃,临夏,2,,,,
810,2020/1/27,甘肃,定西,1,,1,,
811,2020/1/27,甘肃,张掖,1,,,,
812,2020/1/27,甘肃,陇南,1,,,,
813,2020/1/27,内蒙古,包头,2,,,,
814,2020/1/27,内蒙古,呼伦贝尔,2,,,,
815,2020/1/27,内蒙古,乌兰浩特,1,,,,
816,2020/1/27,内蒙古,通辽,1,,,,
817,2020/1/27,内蒙古,赤峰,1,,,,
818,2020/1/27,内蒙古,锡林郭勒,2,,,,
819,2020/1/27,内蒙古,鄂尔多斯,2,,,,
820,2020/1/27,香港,香港,8,,,,
821,2020/1/27,贵州,贵阳,1,,,,
822,2020/1/27,贵州,六盘水,1,,,,
823,2020/1/27,贵州,铜仁,2,,,,
824,2020/1/27,贵州,黔南,2,,,,
825,2020/1/27,贵州,黔西南,1,,,,
826,2020/1/27,澳门,澳门,6,,,,
827,2020/1/27,吉林,长春,1,,,,
828,2020/1/27,吉林,吉林,2,,,,
829,2020/1/27,吉林,松原,2,,,,
830,2020/1/27,吉林,四平,1,,,,
831,2020/1/27,新疆,乌鲁木齐,4,,1,,
832,2020/1/27,新疆,伊犁,1,,,,
833,2020/1/27,宁夏,银川,2,,,,
834,2020/1/27,宁夏,中卫,1,,,,
835,2020/1/27,宁夏,固原,1,,,,
836,2020/1/27,台湾,台湾,4,,,,
837,2020/1/27,青海,西宁,4,,,,
,,,,,,,,
,,,,,,,,
,,,,,,,,
,,,,,,,,
,,,,,,,,
,,,,,,,,
,,,,,,,,
